sector,list_name,name,label::English (en),label::Somali (so),choice,region,,,,,,,,
general,y_n,yes,Yes,haa,,,,,,,,,,
general,y_n,no,No,maya,,,,,,,,,,
,,,,,,,,,,,,,,
general,y_n_dk,yes,Yes,haa,,,,,,,,,,
general,y_n_dk,no,No,maya,,,,,,,,,,
general,y_n_dk,dnk,I don't know,ma garanaayo,,,,,,,,,,
,,,,,,,,,,,,,,
general,y_n_dk_na,yes,Yes,haa,,,,,,,,,,
general,y_n_dk_na,no,No,maya,,,,,,,,,,
general,y_n_dk_na,dnk,I don't know,ma garanaayo,,,,,,,,,,
general,y_n_dk_na,no_answer,Do not want to answer,Doorbida inaadan ka jawaabin,,,,,,,,,,
,,,,,,,,,,,,,,
general,proportion,none,None (0%),Ma jiro (0%),,,,,,,,,,
general,proportion,few,A few (1-25%),Dhowr (1-25%),,,,,,,,,,
general,proportion,some,Some (26-50%),Qaar (26-50%),,,,,,,,,,
general,proportion,many,Many (51-75%),Qaar badan (51-75%),,,,,,,,,,
general,proportion,all,All or almost all (76-100%),Dhammaan ama ku dhawaad ??dhammaan (76-100%),,,,,,,,,,
general,proportion,dnk,Don’t know,magaranayo,,,,,,,,,,
,,,,,,,,,,,,,,
consent,termination_reason,wrong_population,Respondent refuse to participate,Qofka la waraysanayo ayaa diiday,,,,,,,,,,
consent,termination_reason,resp_under_18,Respondent is under 18,Qofka la waraysanayo waa uu ka yaryahay 18 jir,,,,,,,,,,
consent,termination_reason,resp_no_info,Respondent does not know enough,Qofka la waraysanayo ma hayo macluumaad inagu filan,,,,,,,,,,
consent,termination_reason,resp_no_clear_info,Respondent is unable to provide clear answers,Qofka la waraysanayo ma bixinayo jawaabo cad ama la fahmi karo,,,,,,,,,,
consent,termination_reason,resp_tired_sick,Respondent is too tired and/or sick to participate to the survey,Qofka la waraysanayo ayaa daalan/xanuusan,,,,,,,,,,
consent,termination_reason,resp_get_tired_sick,Respondent gets too tired and/or sick to continue participating to the survey,Qofka la waraysanayo uma hayo wakhti ku filan waraysiga,,,,,,,,,,
consent,termination_reason,resp_no_time,Respondent does not have enough time to finish the interview,Qofka la waraysanayo masii wadi karayo waraysiga xanuun ama daal awgii,,,,,,,,,,
consent,termination_reason,enum_uncomfortable_unsafe,Enumerator feel uncomfortable or unsafe,Xog-ururiyaha ayaa raba inu joojiyo asbaab kale awgood,,,,,,,,,,
consent,termination_reason,enum_need_to_leave,Enumerator need to leave for other reason (specify in the notes),Xog-ururiyuhu kuma dareemayo amni goobtan,,,,,,,,,,
consent,termination_reason,other,"Other, please specify",Wax kale. Fadlan sheeg,,,,,,,,,,
,,,,,,,,,,,,,,
intro,area_list,jubaland,Jubaland,Jubaland,,,,,,,,,,
intro,area_list,south_west,South West States,South West States,,,,,,,,,,
intro,area_list,sanaag_sool,Sanaag & Sool,Sanaag & Sool,,,,,,,,,,
,,,,,,,,,,,,,,
intro,gender,male,Male,Rag,,,,,,,,,,
intro,gender,female,Female,Dumar,,,,,,,,,,
,,,,,,,,,,,,,,
intro,role,community_leader,Community leaders / elders,Madaxda bulshada / odayaasha,,,,,,,,,,
intro,role,clan_leader,Clan leaders,Hogaamiye beeleedka,,,,,,,,,,
intro,role,local_agency,Local NGO/INGO/UN staff,Shaqaalaha NGO/INGO/UN Maxaliga ah,,,,,,,,,,
intro,role,health_staff,Health centres/staff,Xarumaha/shaqaalaha caafimaadka,,,,,,,,,,
intro,role,gatekeeper,Gatekeepers,Albaabada,,,,,,,,,,
intro,role,local_auhtority,Local authorities,Maamulka deegaanka,,,,,,,,,,
intro,role,religious_leader,Religious leaders,Culimada diinta,,,,,,,,,,
intro,role,none,None of the above,Maaha midna kuwa sare,,,,,,,,,,
intro,role,no_response,No response or I don’t want  to  answer,Ma jiro jawaab ama ma rabo inaan ka jawaabo,,,,,,,,,,
intro,role,dnk,Don’t know,Ma garanayo,,,,,,,,,,
intro,role,other,Other (please specify),Mid kale (fadlan sheeg),,,,,,,,,,
,,,,,,,,,,,,,,
settlement,left,before,Some time in July or before July,"Waqti ka mid ah Luulyo ama, waqti ka mid  Luulyo ka hor",,,,,,,,,,
settlement,left,august,Some time in August ,Waqti ka mid ah Luulyo ama Oogst ,,,,,,,,,,
settlement,left,september,Some time in September,Waqti ka mid ah Setembar,,,,,,,,,,
settlement,left,october,Some time in October,Waqti ka mid ah Oktoober,,,,,,,,,,
settlement,left,november,Some time in November,Waqti ka mid ah Noofeembar,,,,,,,,,,
,,,,,,,,,,,,,,
settlement,visited,no,No,Maya,,,,,,,,,,
settlement,visited,sometime_august,"Yes, Some time in August","Haa, Waqti ka mid ah Oogst",,,,,,,,,,
settlement,visited,sometime_september,"Yes, Some time in September","Haa, Waqti ka mid ah Setembar",,,,,,,,,,
settlement,visited,less_week,"Yes, Some time in October or November","Haa, Waqti ka mid ah Oktoober ama Noofeembar",,,,,,,,,,
,,,,,,,,,,,,,,
settlement,duration_stay,less_3,Less than 3 months,kayar 3 bilood,,,,,,,,,,
settlement,duration_stay,3_to_6,3-6 months,3bilood ilaa 6biloood,,,,,,,,,,
settlement,duration_stay,more_6,More than 6 months,6 bilood kabadan,,,,,,,,,,
,,,,,,,,,,,,,,
displ,reason_displacement,beter_security,Better security situation,xalad wanagsan ee amniga,,,,,,,,,,
displ,reason_displacement,family_here,Family / friends are  living here,Qoyska/Asxaabta ayaa ku nool halkan,,,,,,,,,,
displ,reason_displacement,tribe_here,My community/tribe is here   ,Bulshadayda/qabiilkayga ayaa halkan ku nool,,,,,,,,,,
displ,reason_displacement,cheeper_living,Cheaper living costs in this area                               ,Nolosha ayaa jaban ah halkan,,,,,,,,,,
displ,reason_displacement,economic_opportunitues,More economic opportunities here (jobs/livelihoods)              ,Fursado dhaqaale oo badan aya halkan ka jira (Shaqooyin),,,,,,,,,,
displ,reason_displacement,access_aid,Better access to services / humanitarian assistance,Helitaanka adeegyo wanaagsan,,,,,,,,,,
displ,reason_displacement,access_water,Access to water,Helitaanka biyo,,,,,,,,,,
displ,reason_displacement,access_food,Access to food,Helitaanka cunto,,,,,,,,,,
displ,reason_displacement,access_shelter,Access to shelter,Helitaanka Hoy,,,,,,,,,,
displ,reason_displacement,access_movement,Access to freedom of movement (at least locally),Helitaanka xoriyadda safarka (ugu yaraan gudaha dalka),,,,,,,,,,
displ,reason_displacement,access_market,Access to market to buy or sell food or goods,Helitaanka suuq wax laga iibsado iyo mid wax lagu iibiyoba,,,,,,,,,,
displ,reason_displacement,access_land,Access to land (plant crops or cultivation),Helitaanka dhul wax laga beeran karo,,,,,,,,,,
displ,reason_displacement,dnk,Don’t know / Do not want to answer,Ma garanayo / ma rabo inaan ka jawaabo,,,,,,,,,,
displ,reason_displacement,other,Other (please specify),Mid kale (fadlan sheeg),,,,,,,,,,
,,,,,,,,,,,,,,
displ,group_displaced,entire_hh,Mostly entire households,Inta badan guryaha oo dhan,,,,,,,,,,
displ,group_displaced,boys_under_18,Mostly Boys (under 18),Community Verified icon,,,,,,,,,,
displ,group_displaced,girls_under_18,Mostly Girls (under 18),Inta badan gabdhaha (ka yar 18 jir),,,,,,,,,,
displ,group_displaced,adult_women_18,Mostly Adult women (18 - 59),Inta badan dumarka (da'doodu u dhaxeyso 18-59),,,,,,,,,,
displ,group_displaced,adult_men_men_59,Mostly Adult men (18-59),Inta badan ragga (da'doodu u dhaxeyso 18-59),,,,,,,,,,
displ,group_displaced,elderly_women_women_60,Mostly Elderly women (60+),Inta badan dumarka (ka weyn 60 jir),,,,,,,,,,
displ,group_displaced,elderly_men_men_60,Mostly Elderly men (60+),Inta badan ragga (ka weyn 60 jir),,,,,,,,,,
displ,group_displaced,dnk,Don't know,Ma garanayo,,,,,,,,,,
,,,,,,,,,,,,,,
displ,remain_ppl,no,"No, everyone who wants to leave has left","Maya, qof kasta oo rabay inuu baxo wuu baxay",,,,,,,,,,
displ,remain_ppl,few,"Yes, a few people want to leave but cannot","Haa, Waxa jiray dad yar oo rabay inaan baxay lakiin aan awoodin",,,,,,,,,,
displ,remain_ppl,several,"Yes, several people want to leave but cannot","Haa, Waxa jiray dad dhawr ah oo rabay inaan baxay lakiin aan awoodin",,,,,,,,,,
displ,remain_ppl,most,"Yes, most / almost all people who remain want to leave but cannot","Haa, dhamaan ama ku dhawaad dadku waxay rabeen inay baxaan laakiin maanay awoodin",,,,,,,,,,
displ,remain_ppl,dnk,I don't know,Ma garanayo,,,,,,,,,,
,,,,,,,,,,,,,,
wash,wise_scale,never,Never (0 times),Marnaba kamaanaan warwarin,,,,,,,,,,
wash,wise_scale,rarely,Rarely (1-2 times),in yar (hal mar ilaa laba mar),,,,,,,,,,
wash,wise_scale,sometimes,Sometimes (3-10 times),Mararka qaar (3 ilaa 10 jeer),,,,,,,,,,
wash,wise_scale,often,Often (11-20 times),Badanka ( 11 ilaa 20 jeer,,,,,,,,,,
wash,wise_scale,always,Always (more than 20 times),Markasta (in ka badan 20 jeer),,,,,,,,,,
,,,,,,,,,,,,,,
displ,primary_restrictions,none,No one has faced barriers/ restrictions,Wax caqabado ah oo haystaa ma jiraan,,,,,,,,,,
displ,primary_restrictions,road_closure,Road closures,Wadooyinka ayaa xidhan,,,,,,,,,,
displ,primary_restrictions,too_week_traver,Too weak to travel or physical disabilities preventing travel ,Waa dad aad u daciifa oon socdaali karin ama wa naafo,,,,,,,,,,
displ,primary_restrictions,fear_safety,Fear for safety and/or security,Waxay ka cabsi qabeen amni darro,,,,,,,,,,
displ,primary_restrictions,unable_afford_fees,Unable to afford fees at checkpoints,Waxaanay awoodayn lacagta lagaga qaadayo kaantaroolada,,,,,,,,,,
displ,primary_restrictions,government_restrcition,Government-imposed lockdown,Dawlada ayaa bandaw galisay,,,,,,,,,,
displ,primary_restrictions,flooding_restrcition,Flooding or other natural hazard preventing movement,"Daadad, fatahaado iyo waxyaabo kale oo dabiici ayaa joojiyay isku socodka",,,,,,,,,,
displ,primary_restrictions,no_documentation,Did not have appropriate documentation for travel,Maanay haysan waraaqo sharciyaysan si ay u safraan,,,,,,,,,,
displ,primary_restrictions,unable_afford_transportation,Unable to afford transportation,Maanay awoodeyn lacagta gaadiidka (noolka),,,,,,,,,,
displ,primary_restrictions,discrimination,Discrimination because of displacement or nationality status,Waa la haybsoocay madaama ay barakac yihiin ama aanay dhalaso haysan,,,,,,,,,,
displ,primary_restrictions,other_discrimination,Other discrimination,Haybsooc kale,,,,,,,,,,
displ,primary_restrictions,other_restriction,Other,wax kale (fadlan qeex),,,,,,,,,,
displ,primary_restrictions,dnk,Don't know,magaranaayo,,,,,,,,,,
,,,,,,,,,,,,,,
displ,travel_locations,same,"Yes, most people travelled to the same location as I did","Haa, dadka badankoodu waxay u safreen halka aan usoo safray anigu",,,,,,,,,,
displ,travel_locations,different_districts,"No, most people travelled to all different locations within this District (Admin 2)","Maya, badanka dadku waxay u kala safreen meelo kala duwan oo degmada ka mid ah",,,,,,,,,,
displ,travel_locations,different_states,"No, most people travelled to all different locations within the State (Admin 1)","Maya, dadka badankoodu waxay u kala safreen meelo kala duwan oo gobolka ka mid ah",,,,,,,,,,
displ,travel_locations,different_region_country,"No, most people travelled to all different locations in the country / region.","Maya, dadka badankoodu waxay u kala safreen meelo kala duwan oo wadanka ka mid ah",,,,,,,,,,
,,,,,,,,,,,,,,
displ,push_factor,drought,Damage/losses due to Drought,Burbur/khasaare ka dhashay Abaarta,,,,,,,,,,
displ,push_factor,flooding,Damage/losses due to Flooding,Burbur/khasaare ka dhashay daad,,,,,,,,,,
displ,push_factor,pests,Damage/losses due to pest/locust invasion,Burbur/khasaare ka dhashay duulaanka cayayaanka/ayaxa,,,,,,,,,,
displ,push_factor,fires,Damage/losses due to wild fires,Burbur/khasaare ka dhashay dabka duurjoogta ah,,,,,,,,,,
displ,push_factor,conflict,Conflict/insecurity,Colaad/Amaan darro,,,,,,,,,,
displ,push_factor,lack_jobs,Lack of jobs,"shaqo la,aan",,,,,,,,,,
displ,push_factor,evictions,Evictions,kasaritaan,,,,,,,,,,
displ,push_factor,disease_outbreak,Disease outbreak,Cudur dilaacis,,,,,,,,,,
displ,push_factor,lack_food,Lack of sufficient food,La'aan cunto,,,,,,,,,,
displ,push_factor,lack_water,Lack of sufficient water,Biyo yari,,,,,,,,,,
displ,push_factor,lack_income,Lack of sufficient income,Daqli yari,,,,,,,,,,
displ,push_factor,no_services,"No access to basic services (health, education, shelter, markets)","Adeegyada  asaasiga oo aan la heli karin((caafimaadka, waxbarashada, hoyga, suuqyada",,,,,,,,,,
displ,push_factor,eviction,Eviction,Amni dari ka jirta deegaanka hore,,,,,,,,,,
displ,push_factor,insecurity,Insecurity in the settlement of origin,Ma ogi,,,,,,,,,,
displ,push_factor,other,Other (specify),wax kale (fadlan qeex),,,,,,,,,,
displ,push_factor,dnk,Don't know,magaranaayo,,,,,,,,,,
,,,,,,,,,,,,,,
displ,intentions,remain,Remain in the settlement,Joog degaanka Si joogto ah,,,,,,,,,,
displ,intentions,abandon,Permanently abandon the settlement,Si joogto ah uga tag degitaanka,,,,,,,,,,
displ,intentions,temp_leave,Leave the settlement for a short period (1-6 months),Ka tag heshiiska muddo gaaban (1-6 bilood),,,,,,,,,,
displ,intentions,long_leave,Leave the settlement for a longer period (over 6 months),Ka tag degitaanka muddo gaaban,,,,,,,,,,
displ,intentions,dnk,Don't know,Ma garanayo,,,,,,,,,,
displ,intentions,no_answer,Prefer not to answer,Doorbida inaadan ka jawaabin,,,,,,,,,,
,,,,,,,,,,,,,,
displ,shocks,none,No shocks affected the settlement,Ma jiraan wax shoog ah oo saameeya dejinta,,,,,,,,,,
displ,shocks,covid_19,Covid-19,Covid-19 ama koroona fayras,,,,,,,,,,
displ,shocks,high_food_prices,Unusually high food prices,Sicir barar aan caadi ahayn,,,,,,,,,,
displ,shocks,high_fuel_prices,Unusually high prices of fuel/transport and other non-food prices,Sicir barar aan caadi ahayn oo ku yimid shidaalka iyo waxyaabaha aan cuntada ahayn,,,,,,,,,,
displ,shocks,drought,"Drought/irregular rains, prolonged dry spell",Abaar/roob yaraan,,,,,,,,,,
displ,shocks,crop_pests,Unusually high level of crop pests and disease,cayayaanka iyo xanuunada ku dhaca dalagga oo aad u batay,,,,,,,,,,
displ,shocks,violence,Insecurity/violence/raiding/looting,Amni darro/dhac iyo boob,,,,,,,,,,
displ,shocks,criminals,Non-violent theft/criminals,Tuugada,,,,,,,,,,
displ,shocks,dusease_outbreak,Disease outbreak in the settlement,Faafitaanka cudur ee dagaanka,,,,,,,,,,
displ,shocks,flooding,"Too much rain, flooding",Roobab badan iyo fatahaado/daad,,,,,,,,,,
displ,shocks,livestock_disease,Livestock disease outbreak,Cudurrada xoolaha oo dillaacay,,,,,,,,,,
displ,shocks,locust_invation,Locust invasion,Duulaanka Ayaxa,,,,,,,,,,
displ,shocks,wild_fires,Wild fires,Dab ka kacay kaymaha,,,,,,,,,,
displ,shocks,other,Other (specify),wax kale (fadlan qeex),,,,,,,,,,
displ,shocks,dnk,I don't know,ma garanaayo,,,,,,,,,,
,,,,,,,,,,,,,,
market,market_access,yes_always,"Yes, at all times","haa, waqti kasta",,,,,,,,,,
market,market_access,yes_restricted,"Yes, but access limited to some days OR some hours per day only","Haa, laakiin gelitaanka ayaa ku xaddidan maalmo ama saacado qaar maalintii oo keliya",,,,,,,,,,
market,market_access,no_access,No access,Adeeg la'aan,,,,,,,,,,
market,market_access,dnk,Don’t know,magaranaayo,,,,,,,,,,
,,,,,,,,,,,,,,
market,items,food,Food,cunto,,,,,,,,,,
market,items,tools_seeds,Tools for farming and seeds,qalab abuurka,,,,,,,,,,
market,items,livestock,Livestock,xoolaha,,,,,,,,,,
market,items,fuel,Fuel for cooking,shidaal,,,,,,,,,,
market,items,construction_materials,Construction materials,qalabka dhismaha,,,,,,,,,,
market,items,clothes_sewingtools,Clothes and materials for sewing,Alaabta harqaanka,,,,,,,,,,
market,items,shoes,Shoes,kabaha,,,,,,,,,,
market,items,soap,Soap,saabuun,,,,,,,,,,
market,items,jerry_cans,Jerry cans,Jeeri cans,,,,,,,,,,
market,items,menstrual_hygiene,Womens` menstrual hygiene materials,nadaafadda caadada,,,,,,,,,,
market,items,nets,Mosquito nets,shabagyada,,,,,,,,,,
market,items,water,Water,biyo,,,,,,,,,,
,,,,,,,,,,,,,,
market,market_barriers,none,"No, no barriers faced when accessing marketplace",Wax caqabada lama kulmin marka aan suuqa tagayo,,,,,,,,,,
market,market_barriers,too_far,Marketplace is too far away to access regularly,Suuqa aad ayuu u fogyahay,,,,,,,,,,
market,market_barriers,expensive_transport,Public transportation is too expensive and MOST people cannot affort to pay for it,"Gaadiidka dadweynuhu aad buu qaali u yahay, dadka intiisa badana ma awoodaan inay iska bixiyaan",,,,,,,,,,
market,market_barriers,expensive_fuel,Fuel is too expensive and MOST people cannot afford to purchase it for their personal vehicle,Shidaalku aad buu qaali u yahay dadka intiisa badana ma awoodaan inay ku iibsadaan baabuurkooda gaarka ah,,,,,,,,,,
market,market_barriers,high_prices,Prices in the market are too high,Qiimaha suuqa ayaa aad u sarreeya,,,,,,,,,,
market,market_barriers,no_transport,Lack of transportation to reach the closest functional market,Gaadiid la'aan si loo gaaro suuqa ugu dhow ee shaqeynaya,,,,,,,,,,
market,market_barriers,no_cash,Lack of cash to buy goods at the market,La'aanta lacag caddaan ah oo alaabta suuqa lagu gato,,,,,,,,,,
market,market_barriers,insecurity_travelling,Insecurity or danger travelling to and from marketplace,Waa amni darro waana khatar in suuqa la tago ama laga soo noqdo,,,,,,,,,,
market,market_barriers,insecurity_marketplace,Insecurity or danger at marketplace,Amni darro iyo khatar ayaa ka dhex jirta suuqa,,,,,,,,,,
market,market_barriers,curfews,Market shutdowns or curfews make access impossible,Bandowga ama xidhitaanka suuqa aya ka dhiga mid aan la tagi karin,,,,,,,,,,
market,market_barriers,damage_marketplace,Damage to marketplace,Dhaawac ayaa soo gaadhay suuqa,,,,,,,,,,
market,market_barriers,damage_roads,Damage to roads leading to marketplace,Dhaawac ayaa soo gaadhay wadooyinka suuqa taga,,,,,,,,,,
market,market_barriers,look_after,Nobody to look after children or elderly while visiting marketplace,Ma jirto cid daryeeleysa caruurta iyo dadka waaweyn marka suuqa la tago.,,,,,,,,,,
market,market_barriers,authorities_restriction,Local or traditional authorities restrict access/travel,Maamulka deegaanka ama dhaqanka ayaa diiday in suuqa la tago,,,,,,,,,,
market,market_barriers,hh_member_resctriction,Other household members restrict access/trave,Xubnaha kale ee qoyska ayaa xaddidaya gelitaanka/safarka,,,,,,,,,,
market,market_barriers,decrease_availability,Climatic shock has led to decrease in availability of food (locally produced),Shoogga cimilada ayaa horseeday hoos u dhaca helitaanka cuntada,,,,,,,,,,
market,market_barriers,items_unavailable,Needed items are unavailable in markets,Alaabta loo baahan yahay lagama heli karo suuqyada,,,,,,,,,,
market,market_barriers,dnk,Don't know,magaranaayo,,,,,,,,,,
market,market_barriers,other,Other (specify),wax kale (fadlan qeex),,,,,,,,,,
,,,,,,,,,,,,,,
market,price_change,increase,Prices increased,Qiimayaashu way kordheen,,,,,,,,,,
market,price_change,decrease,Prices decreased,Qiimayaashu way yaradeen,,,,,,,,,,
market,price_change,no_change,Prices did not change,Qiimayasshu isma badalin,,,,,,,,,,
market,price_change,dnk,Don't know,Magaranayo,,,,,,,,,,
market,price_change,dont_buy,People from settlement usually don't buy this in markets,Dadkaka soo jeeda deegaanka inta badan tan kuma iibsadaan suuqyada,,,,,,,,,,
,,,,,,,,,,,,,,
fsl,rsci_list,yes,Yes,haa,,,,,,,,,,
fsl,rsci_list,no_need,"No, I had no need to use this coping strategy","Maya, uma baahnin inaan isticmaalo xeeladda la qabsiga",,,,,,,,,,
fsl,rsci_list,exhausted,"No, have already exhausted this coping strategy and cannot use it again","Maya, Waan isticmaalay habkan la qabsi dibna uma isticmaali karayo",,,,,,,,,,
fsl,rsci_list,not_applicable,Not applicable / This coping strategy is not available to me,Habkan la qabsi mid xaaladayda lagu dabiqi karo maaha,,,,,,,,,,
,,,,,,,,,,,,,,
fsl,situation_change,worse,Worsened,sii xumaday,,,,,,,,,,
fsl,situation_change,improved,Improved,soo hagaagay,,,,,,,,,,
fsl,situation_change,remained_same,Remained the same,wax isbadal ah kuma dhicin,,,,,,,,,,
fsl,situation_change,dnk,Don’t know,magaranaayo,,,,,,,,,,
,,,,,,,,,,,,,,
fsl,hh_hunger,no_hunger,Almost no hunger,Wax gaajo ah ma jirto,,,,,,,,,,
fsl,hh_hunger,hunger_small,"Hunger is small, strategies are available to cope with the reduced access to food","Gaajadu wey yartahay, siyaabihii loola tacaali lahaa cunto yaraantuna wey jiraan",,,,,,,,,,
fsl,hh_hunger,hunger_severe,"Hunger is bad, limited options to cope with the reduced access to food","Gaajo xun ayaa jirta, cunto yaraanta jirtana in badan lalama tacaali karo",,,,,,,,,,
fsl,hh_hunger,hunger_worst,"Hunger is the worst it can be, all over the settlement, and causing many deaths","Gaajadu halkii ugu xumayd ayay maraysaa degaanka oo dhan, waxaanay sababtay dhimasho badan",,,,,,,,,,
fsl,hh_hunger,dnk,I don't know or don’t want to answer,Ma garanayo ama ma rabo inaan ka jawaabo,,,,,,,,,,
,,,,,,,,,,,,,,
fsl,coping_strategies,borrow_food,Borrow food or get help from a friend or relative,Amaah_cunto : Amaah cunto ama caawi saaxiib ama qaraabo,,,,,,,,,,
fsl,coping_strategies,borrow_money,Purchase food with borrowed money,lacag amaah ah : Ku iibso cunto lacag la amaahday Soo  ururi_cunto,,,,,,,,,,
fsl,coping_strategies,gather_wild_food,Gather wild food,duurjoogta ah,,,,,,,,,,
fsl,coping_strategies,gather_firewood,Collecting firewood in dangerous places,Soo ururinta xaabada meelaha khatarta ah waxay,,,,,,,,,,
fsl,coping_strategies,consume_seeds,Consume seed stock meant for next season or harvest crops that are not yet ready,cuntaa  abuurka : U dir carruurta deriska la cuntaynta,,,,,,,,,,
fsl,coping_strategies,send_children_to_neighbors,Send children to eat with neighbors,guriga_ tuugo : Weydiiso  dadka aan qaraabada ahayn cunto  ka iibisa_hanti_guriga : Iibiya hantida guriga : Iibin xoolo ka badan intii  caadiga  ahayd wakhtigan oo kale,,,,,,,,,,
fsl,coping_strategies,household_begs,Asking non-relatives for food,xoolaha la  qalayoxilligan oo kale sanadka,,,,,,,,,,
fsl,coping_strategies,sell_home_assets,Sell home assets,Iibiya hantida guriga,,,,,,,,,,
fsl,coping_strategies,sell_livestock,Selling more livestock than usual for this time of year,Iibinta xoolo ka badan intii caadiga ahayd ee sanadkan,,,,,,,,,,
fsl,coping_strategies,slaughter_livestock,Slaughtering more cattle than normal for this time of year,In la gowraco lo' aad uga badan intii caadiga ahayd xilligan oo kale,,,,,,,,,,
fsl,coping_strategies,milk_sale,Increase milk sales,Kordhi iibka caanaha,,,,,,,,,,
fsl,coping_strategies,migrate_rangelands,Migrate to further rangelands,U guuro dhul daaqsimeedka dheeraadka ah,,,,,,,,,,
fsl,coping_strategies,hunting,More hunting than normal for this time of year,ugaarsi ka badan inta caadiga ah wakhtigan sanadka,,,,,,,,,,
fsl,coping_strategies,fishing,More fishing than normal for this time of year,Kalluumeysiga in ka badan sidii caadiga ahayd xilligan oo kale,,,,,,,,,,
fsl,coping_strategies,cattle_camps,Families moving to cattle / fishing camps more often than normal,Qoysaska u guura lo'da / xerooyinka kalluumeysiga si ka badan sidii caadiga ahayd,,,,,,,,,,
fsl,coping_strategies,displacement_camp,Sending families out to displacement camps to recieve food aid,In qoysaska loo diro xeryaha barakaca si ay u helaan cunto gargaar  ah,,,,,,,,,,
fsl,coping_strategies,none,None,Midna,,,,,,,,,,
fsl,coping_strategies,other,Other,wax kale (fadlan qeex),,,,,,,,,,
fsl,coping_strategies,dnk,I don't know or don’t want to answer,magaranaayo,,,,,,,,,,
,,,,,,,,,,,,,,
livelihood,livelihood_source ,farming,"Yes, farming was a livelihoods source ","Haa, beer-falashadu waa isha aanu ka helno nolol-maalmeedka",,,,,,,,,,
livelihood,livelihood_source ,livestock,"Yes, livestock was a livelihoods source","Haa, xoolaha nool waa isha aanu ka helno nolol-maalmeedka",,,,,,,,,,
livelihood,livelihood_source ,neither,Neither was a major livelihoods source ,Labadooda midna maaha isha aanu ka helno nolol-maalmeedka,,,,,,,,,,
livelihood,livelihood_source ,dnk,Don't know ,Ma garanayo,,,,,,,,,,
,,,,,,,,,,,,,,
livelihood,crop_yield_list,less,Much less than normal,In ka yar sidii caadiga ahayd,,,,,,,,,,
livelihood,crop_yield_list,early,Much earlier than normal,In ka horeysa sidii caadiga ahayd,,,,,,,,,,
livelihood,crop_yield_list,more,Much more than normal,In ka badan sidii caadiga ahayd,,,,,,,,,,
,,,,,,,,,,,,,,
livelihood,crop_loss_proportion,none,No crop loss (0%),Wax dalag ah ma lumin (0%),,,,,,,,,,
livelihood,crop_loss_proportion,few,A few crops were lost (1-25%),Dhowr dalag ayaa lumay (1-25%),,,,,,,,,,
livelihood,crop_loss_proportion,some,Some crops were lost (26-50%),Dalagyada qaar ayaa lumay (26-50%),,,,,,,,,,
livelihood,crop_loss_proportion,many,Many crops were lost (51-75%),Dalagyo badan ayaa lumay (51-75%),,,,,,,,,,
livelihood,crop_loss_proportion,all,All or almost all crops were lost (76-100%),Dhammaan ama ku dhawaad ??dhammaan dalagyadii ayaa lumay (76-100%),,,,,,,,,,
livelihood,crop_loss_proportion,dnk,Don’t know,Ma garanayo ama ma rabo inaan ka jawaabo,,,,,,,,,,
,,,,,,,,,,,,,,
livelihood,crop_loss_reasons,locusts,Locusts or other pests,Ayaxa ama cayayaannada kale,,,,,,,,,,
livelihood,crop_loss_reasons,no_rain,Lack of rain,Roob la'aan,,,,,,,,,,
livelihood,crop_loss_reasons,more_rain,More rain than usual ,Roob kabadan sidi caadiga hayd,,,,,,,,,,
livelihood,crop_loss_reasons,no_irrigation,Lack of water for irrigation,waayay Biyo la'aanta waraabka,,,,,,,,,,
livelihood,crop_loss_reasons,high_temperature,Temperatures too high,Heerkulka oo aad u sarreeya,,,,,,,,,,
livelihood,crop_loss_reasons,lack_labor,Lack of labor,shaqo la'aan,,,,,,,,,,
livelihood,crop_loss_reasons,access_land,Access to land,Helitaanka dhulka,,,,,,,,,,
livelihood,crop_loss_reasons,drought,Drought,Abaar,,,,,,,,,,
livelihood,crop_loss_reasons,flooding,Flooding,Daad/Fatahaad,,,,,,,,,,
livelihood,crop_loss_reasons,other,Other,wax kale (fadlan qeex),,,,,,,,,,
livelihood,crop_loss_reasons,dnk,Don't know or prefer not to answer,Ma garanayo ama ma rabo inaan ka jawaabo,,,,,,,,,,
,,,,,,,,,,,,,,
livelihood,water_source,own_borehole,Own borehole,Ceelka riigga ah,,,,,,,,,,
livelihood,water_source,surface_water,River/ chanel /stream,Webiga/ kanaalka / durdurrada,,,,,,,,,,
livelihood,water_source,piped,Piped water / centralized water suply system,Biyaha dhuumaha leh / nidaamka biyaha dhexe ee dhexe,,,,,,,,,,
livelihood,water_source,stored_rain,Stored rain water (berkad or similar),Biyaha roobka ee kaydsan (berkad ama wax la mid ah),,,,,,,,,,
livelihood,water_source,well,Well,Hagaag,,,,,,,,,,
livelihood,water_source,none,Don't have water access for irrigation/livestock,Ha helin biyo waraabka/xoolaha ah,,,,,,,,,,
,,dnk,Don't know or prefer not to answer,Ma garanayo ama ma rabo inaan ka jawaabo,,,,,,,,,,
livelihood,water_source,other,Other (specify),wax kale (fadlan qeex),,,,,,,,,,
,,,,,,,,,,,,,,
livelihood,reason_not_planting,no_permission,I do not own or have permission to use land her ,Ma lihi dhulka ama uma haysto ogolaansho inaan wax ku beerto,,,,,,,,,,
livelihood,reason_not_planting,not_possible,Not possible to plant due to current land conditions,Suurtogal maaha in la beero xaaladaha dhulka ee hadda jira awgeed,,,,,,,,,,
livelihood,reason_not_planting,too_far,Land for cultivation is too far away,Dhul beereedku aad buu nooga fogyahay,,,,,,,,,,
livelihood,reason_not_planting,not_safe,It is not safe to travel to the cultivation land,Aan ammaan ahayn in loo safro dhulka beerashada,,,,,,,,,,
livelihood,reason_not_planting,lack_irrigation,Lack of irrigation water,Biyo la'aanta waraabka,,,,,,,,,,
livelihood,reason_not_planting,lack_inputs,"Lack of inputs (seeds, etc.)","la'aanta agabka beeraha (abuur, etc.)",,,,,,,,,,
livelihood,reason_not_planting,climatic_shock,Due to climatic shock,Naxdinta cimilada awgeed,,,,,,,,,,
livelihood,reason_not_planting,none,There were no issues with planting,Ma jiro wax dhibaato ah dhanka beerista,,,,,,,,,,
livelihood,reason_not_planting,other,"Other, please specify","Wax kale, fadlan sheeg",,,,,,,,,,
livelihood,water_source,dnk,Don't know,magaranaayo,,,,,,,,,,
,,,,,,,,,,,,,,
livelihood,livestock,cattle,Cattle,Lo'da,,,,,,,,,,
livelihood,livestock,poultry,poultry,Digaagga,,,,,,,,,,
livelihood,livestock,camel,camel,Geela,,,,,,,,,,
livelihood,livestock,sheep,sheep,Idaha,,,,,,,,,,
livelihood,livestock,goat,goat,Adhi / riyo,,,,,,,,,,
livelihood,livestock,other,Other,wax kale (fadlan qeex),,,,,,,,,,
livelihood,livestock,dnk,Don't know or prefer not to answer,Ma garanayo ama ma rabo inaan ka jawaabo,,,,,,,,,,
,,,,,,,,,,,,,,
livelihood,livestock_change,large_increase,Large increase,Kor u kac weyn,,,,,,,,,,
livelihood,livestock_change,minor_increase,Minor increase,Kor u kac aan weyneyn,,,,,,,,,,
livelihood,livestock_change,no_change,No change,Wax is badal ah kuma dhicin,,,,,,,,,,
livelihood,livestock_change,minor_decrease,Minor decrease,Hoos u dhac yar,,,,,,,,,,
livelihood,livestock_change,large_decrease,Large decrease,Hoos u dhac weyn,,,,,,,,,,
livelihood,livestock_change,dnk,Don't know or prefer not to answer,Ma garanayo ama ma rabo inaan ka jawaabo,,,,,,,,,,
,,,,,,,,,,,,,,
livelihood,reason_livestock_decrease,lack_of_drinkingwater,Lack of water for livestock to drink,Biyo la'aan ay xooluhu cabbaan,,,,,,,,,,
livelihood,reason_livestock_decrease,lack_of_waterfodder,"Lack of water to grow fodder, grasses for livestock to eat","Biyo la'aan ay calaf ka baxaan, caws ay xooluhu cunaan",,,,,,,,,,
livelihood,reason_livestock_decrease,lack_of_fodder,"Lack of available fodder, grass for livestock to eat","Calafka la heli karo la'aanta, cawska xooluhu cunaan",,,,,,,,,,
livelihood,reason_livestock_decrease,fodder_expenesive,Additional fodder for livestock too expensive ,Calafka dheeraadka ah ee xooluhu waa qaali,,,,,,,,,,
livelihood,reason_livestock_decrease,water_expensive,Additional water for livestock too expensive,Biyaha dheeraadka ah ee xooluhu waa qaali,,,,,,,,,,
livelihood,reason_livestock_decrease,armed_groups,Armed groups confiscating,Kooxo hubaysan ayaa nagala wareega xoolaha,,,,,,,,,,
livelihood,reason_livestock_decrease,intercommunal,Intercommunal raiding,Duulaan beeleedyo dhaca,,,,,,,,,,
livelihood,reason_livestock_decrease,disease,Disease outbreak,Cuduro dilaacay,,,,,,,,,,
livelihood,reason_livestock_decrease,sale_slaughter,Sale or slaughter,Iib ama gawrac,,,,,,,,,,
livelihood,reason_livestock_decrease,migration,Lost in migration,Waxay ku dhinteen ama ku lumeen geedigii,,,,,,,,,,
livelihood,reason_livestock_decrease,flooding,Flooding,Daadad ayaa qaaday,,,,,,,,,,
livelihood,reason_livestock_decrease,drought,Drought,Abaarta ayaa laysay,,,,,,,,,,
livelihood,reason_livestock_decrease,courts,Legal or court-ordered payments and fines,Waxaanu ku bixinay ganaacyada sharciga ah ama maxkamadu amartay,,,,,,,,,,
livelihood,reason_livestock_decrease,bride,Bride wealth payment,Waxaanu ku bixinay aroosyada,,,,,,,,,,
livelihood,reason_livestock_decrease,supporting_others,Supporting other community members or family,Waxaanu ku caawinay qof kale oo degaanka ama qoyska ah,,,,,,,,,,
livelihood,reason_livestock_decrease,dnk,Do not know,Ma garanayo,,,,,,,,,,
livelihood,reason_livestock_decrease,other,Other (specify),wax kale (fadlan qeex),,,,,,,,,,
,,,,,,,,,,,,,,
livelihood,impact_disease,none,No impact,Wax saameyn ah ma leh,,,,,,,,,,
livelihood,impact_disease,small,Small impact (less than half of the people in the settlement are no longer able to access food),Saamayn yar (in ka yar kala badh dadka deegaanka ma awoodaan inay helaan cunto),,,,,,,,,,
livelihood,impact_disease,large,Large impact (most people in the settlement are no longer able to access food),Saameyn weyn (dadka badankooda degsiimada ma awoodaan inay helaan cunto),,,,,,,,,,
livelihood,impact_disease,dnk,I don’t know or don’t want to answer,ma aqaan ama ma rabo inaan ka jawaabo,,,,,,,,,,
,,,,,,,,,,,,,,
health,health_time,15,Under 15 minutes,Wax ka yar 15 daqiiqo,,,,,,,,,,
health,health_time,30,More than 30 minutes to 1 hour,In ka badan 30 daqiiqo ilaa 1 saac,,,,,,,,,,
health,health_time,1,More than 1 hour to half a day,In ka badan 1 saac ilaa nus maalin,,,,,,,,,,
health,health_time,half_day,More than half day,In ka badan maalin badhkeed,,,,,,,,,,
health,health_time,day,Do not know/Prefer not to answer,Ma garanayo/doorbiday in aanad ka jawaabin,,,,,,,,,,
,,,,,,,,,,,,,,
health,food_nut,muac_tapes,Provision of MUAC tapes to mothers/caregivers,Bixinta cajaladaha MUAC ee hooyooyinka/daryeelayaasha,,,,,,,,,,
health,food_nut,muac_screening,House-to-House MUAC screening by NGO or health staff,Guri-ka-guri MUAC baadhista NGO-ga ama shaqaalaha caafimaadka,,,,,,,,,,
health,food_nut,feeding_5,Blanket supplementary feeding for children under-5 years of age ,Quudinta buskud dhuuqa dheeri ah oo loogu talagalay carruurta ka yar 5 sano jir,,,,,,,,,,
health,food_nut,feeding_pre,Blanket supplementary feeding for pregnant or lactating women, quudinta dheeriga ah ee haweenka uurka leh iyo kuwa nuujinaya,,,,,,,,,,
health,food_nut,food_distro,General Food Distribution,Qaybinta Cuntada Guud,,,,,,,,,,
,,,,,,,,,,,,,,
health,healthcare_visit,week,Once a week or more often ,Toddobaadkii hal mar ama marar badan,,,,,,,,,,
health,healthcare_visit,multi_month,2 or 3 times a month ,2 ama 3 jeer bishii,,,,,,,,,,
health,healthcare_visit,month,Once a month ,Bishii hal mar,,,,,,,,,,
health,healthcare_visit,less_than_month,Less frequently than once a month,In ka yar bishii hal mar,,,,,,,,,,
health,healthcare_visit,no,There were no healthcare  workers working in the settlement in the recall period,Ma jirin shaqaale daryeel caafimaad oo ka shaqaynayey dejinta muddadii dib u celinta,,,,,,,,,,
health,healthcare_visit,dnk,Don`t know,Magaranaayo,,,,,,,,,,
,,,,,,,,,,,,,,
health,healthcare_service,none,No access to any health facility,Ma helaan wax adeeg caafimaad ah,,,,,,,,,,
health,healthcare_service,first_aid,First aid post,xarun gargarka dagdaga ah,,,,,,,,,,
health,healthcare_service,pharmacy,Pharmacy,Farmasi,,,,,,,,,,
health,healthcare_service,hospital,District hospital,Cusbitaalka degmada,,,,,,,,,,
health,healthcare_service,mobile_clinic,Mobile clinic,xarun caafimad oo waregta,,,,,,,,,,
health,healthcare_service,private_clinic,Private clinic,Cusbitaal gaar loo leyahay,,,,,,,,,,
health,healthcare_service,ngo_clinic,NGO clinic,Farmasi haayadeed,,,,,,,,,,
health,healthcare_service,government_clinic,Government run clinic,Farmasi ay dawladu leedahay,,,,,,,,,,
health,healthcare_service,traditional,Traditional practitioner,Daawo dhaqameed,,,,,,,,,,
health,healthcare_service,drugstore,Drugstore,farmashiyaha,,,,,,,,,,
health,healthcare_service,midwife,Midwife,umuliso,,,,,,,,,,
health,healthcare_service,dnk,Don’t know,magaranaayo,,,,,,,,,,
health,healthcare_service,other,Other (please specify),wax kale (fadlan qeex),,,,,,,,,,
,,,,,,,,,,,,,,
health,barriers_health,none,No barriers to access healthcare services,Ma jiraan wax caqabad ah helitaanka adeegyada daryeelka caafimaadka,,         ,,,,,,,,
health,barriers_health,distance,Travel time or distance to the healthcare facility was too long ,Waqtiga safarka ama masaafada goobta daryeelka caafimaadku aad bay u dheerayd,,,,,,,,,,
health,barriers_health,overcrowded,Health facilities overcrowded and/or long waiting times,Goobaha caafimaadka oo buux dhaafiyay iyo/ama waqtiyada sugitaanka ee dheer,,,,,,,,,,
health,barriers_health,security,General safety concerns while traveling to/at health facilities,amni,,,,,,,,,,
health,barriers_health,cost_services,The cost of services was too high,Qiimaha adeegyada ayaa ahaa mid aad u sarreeya,,,,,,,,,,
health,barriers_health,cost_travel,The cost of travel to the health facility was too high,Qiimaha safarka xarunta caafimaadka ayaa ahaa mid aad u sarreeya,,,,,,,,,,
health,barriers_health,cost_medicines,The cost of medicines was too high,Qiimaha dawooyinku aad buu u badnaa,,,,,,,,,,
health,barriers_health,specialized_services,Specialized services not available,Adeegyada gaarka ah lama heli karo,,,,,,,,,,
health,barriers_health,lack_trust,"Lack of trust in medical staff, examination, or treatment","Kalsooni la'aanta shaqaalaha caafimaadka, baaritaanka, ama daaweynta",,,,,,,,,,
health,barriers_health,absence_personnel,Absence or shortage of health workers,Maqnaanshaha shaqaale aqoon leh,,,,,,,,,,
health,barriers_health,lack_medicine,Lack of medicines at the facilities,Daawo la'aanta xarumaha,,,,,,,,,,
health,barriers_health,absence_female_personnel,Lack of female medical staff,Maqnaanshaha shaqaale dumar ah,,,,,,,,,,
health,barriers_health,stima_women,Stigma in seeking healthcare for women/girls,Ceebayn lagu sameeyo daryeelka caafimaadka dumarka/gabdhaha,,,,,,,,,,
health,barriers_health,being_disabled,Health facility not accessible for people with disabilities,Naafanimo,,,,,,,,,,
health,barriers_health,dnk,Don't know,magaranaayo,,,,,,,,,,
health,barriers_health,other,Other (please specify),wax kale (fadlan qeex),,,,,,,,,,
,,,,,,,,,,,,,,
health,health_problems,none,No common health problems,majiraan dhibaatooyin caafimaad oo guud,,,,,,,,,,
health,health_problems,breathing,Breathing problems,Dhibaatooyinkaneefsashada,,,,,,,,,,
health,health_problems,malaria,Malaria,duumo/malariya,,,,,,,,,,
health,health_problems,fever,Fever,qandho,,,,,,,,,,
health,health_problems,diarrhoea,Acute watery diarrhoea (3 or more liqid stools per day),shuban biyo,,,,,,,,,,
health,health_problems,chronic,Chronic illnesses (health conditions that last longer than 3 months and require constant treatment),xanuunada raaga,,,,,,,,,,
health,health_problems,wounds_fighting,Wounds from fighting,dhaawacyo kasoo garay dagal,,,,,,,,,,
health,health_problems,skin,Skin disease,Cudurka maqaarka,,,,,,,,,,
health,health_problems,malnutrition,malnutrition,nafaqo-xumo,,,,,,,,,,
health,health_problems,cholera,cholera,daacuun,,,,,,,,,,
health,health_problems,pneumonia,pneumonia,oof-wareen,,,,,,,,,,
health,health_problems,hiv,HIV/AIDS,HIV/AIDS,,,,,,,,,,
health,health_problems,measles,Measles,Jadeecada,,,,,,,,,,
health,health_problems,chickenpox,Chickenpox,Bus-buska,,,,,,,,,,
health,health_problems,covid19,COVID-19,COVID-19,,,,,,,,,,
health,health_problems,worms,Worms,Gooryaanka,,,,,,,,,,
health,health_problems,dnk,Don't know,magaranaayo,,,,,,,,,,
health,health_problems,other,Other (please specify),wax kale (fadlan qeex),,,,,,,,,,
,,,,,,,,,,,,,,
health,freq_provide_health,once_a_week,Once a week or more often,Asbuucii halmar ama inkabadan,,,,,,,,,,
health,freq_provide_health,2_3_times_month,2 or 3 times a month,2 ama 3 jeer bishii,,,,,,,,,,
health,freq_provide_health,once_a_month,Once a month,Halmar bishii,,,,,,,,,,
health,freq_provide_health,less_frequently,Less frequently than once a month,Inkayar waxkabadan bishii mar,,,,,,,,,,
health,freq_provide_health,no_healthcare_workers,There were no healthcare workers working in the settlement,Ma jirin shaqaale daryeel caafimaad oo ka shaqaynayay  deegaanka,,,,,,,,,,
health,freq_provide_health,dnk,Don't know,magaranayo,,,,,,,,,,
,,,,,,,,,,,,,,
protec,security_concerns,none,None,mid na,,,,,,,,,,
protec,security_concerns,robbed,Being robbed,Waa la dhacaa,,,,,,,,,,
protec,security_concerns,violence,Being threatened with violence,Waxa loo hanjabaa in dhib la gaadhsiiyo,,,,,,,,,,
protec,security_concerns,kidnapped,Being kidnapped ,Waa la af duubtaa,,,,,,,,,,
protec,security_concerns,pysical_haresment,Suffering from physical harassment or violence (not sexual) ,Waxa loo gaystaa dhibaatooyin jireed (Ma aha kuwa galmeed),,,,,,,,,,
protec,security_concerns,verbal_harassment,Suffering from verbal harassment ,Waxa loo gaystaa aflagaado,,,,,,,,,,
protec,security_concerns,sexual_harassment,Suffering from sexual harassment or violence,Waxa loo gaystaa tacaddiyo galmo ama rabshado,,,,,,,,,,
protec,security_concerns,discrimination,"Discrimination or persecution (because of ethnicity, status, etc.)","Waa la hayb soocaa ama la takooraa (sababo la xidhiidha qabiil, jinsi ama dabaqad)",,,,,,,,,,
protec,security_concerns,killed,Being killed,Waa la dilaa ,,,,,,,,,,
protec,security_concerns,mnie,Mine/UXOs,Miino/UXOs,,,,,,,,,,
protec,security_concerns,detained,Being detained,Waa la xidhaa,,,,,,,,,,
protec,security_concerns,exploited,Being exploited (i.e. being engaged in harmful forms of labor for economic gain of the exploiter),Si xad dhaafa ayaa loogu shaqaystaa (iyaga oo loo dirayo shaqooyin khatara oo wax taraya kaliya qofka ku shaqaysanaya),,,,,,,,,,
protec,security_concerns,recruited_armed,Being recruited by armed groups,Waxaa qorta ciidamada hubaysan,,,,,,,,,,
protec,security_concerns,force_marraige,Being forcibly married,Qasab ayaa loogu guuriyaa,,,,,,,,,,
protec,security_concerns,injured,Being injured/killed by an explosive hazard,Waxaa lagu dilaa ama lagu dhaawacaa qaraxyo,,,,,,,,,,
protec,security_concerns,sent_abroad,Being sent abroad to find work,Dibada ayaa loo diraa si uu uga soo shaqeeyo,,,,,,,,,,
protec,security_concerns,fgm,Female Genital Mutilation (FGM),Gudniinka fircooniga ah ayaa loo gaystaa,,,,,,,,,,
protec,security_concerns,other,Other (please specify),Mid kale (fadlan sheeg),,,,,,,,,,
protec,security_concerns,dnk,Don't know,magaranaayo,,,,,,,,,,
protec,security_concerns,pnt,Prefer not to answer,Doorbida inaadan ka jawaabin,,,,,,,,,,
,,,,,,,,,,,,,,
,,,,,,,,,,,,,,
wash,main_water_source,own_borehole,Own borehole,Waxaan leeyahay ceel-biyood,,,,,,,,,,
wash,main_water_source,surface_water,River/ chanel /stream,Webi ama doox,,,,,,,,,,
wash,main_water_source,piped,Piped water / centralized water suply system,Biyaha qasabada oo laga qaybiyo meel dhexe,,,,,,,,,,
wash,main_water_source,rain_water,Stored rain water (berkad or similar),Kaydka biya roobka sida barkadaha,,,,,,,,,,
wash,main_water_source,well,Well,Ceel ,,,,,,,,,,
wash,main_water_source,other,Other (specify),Wax kale (fadlan sheeg),,,,,,,,,,
wash,main_water_source,dnk,Don't know,magaranaayo,,,,,,,,,,
,,,,,,,,,,,,,,
wash,water_needs,none,None - All water needs could be fully met,Midna - Dhammaan baahiyaha biyaha si buuxda ayaa loo dabooli karaa,,,,,,,,,,
wash,water_needs,drinking,Drinking,Cabitaanka,,,,,,,,,,
wash,water_needs,baby_formula,Producing baby formula,Soo saarida caanaha ilmaha,,,,,,,,,,
wash,water_needs,cooking,Cooking,Karinta,,,,,,,,,,
wash,water_needs,handwashing,Handwashing,Gacmo-dhaqashada,,,,,,,,,,
wash,water_needs,bathing,Bathing,Qubaysiga,,,,,,,,,,
wash,water_needs,sanitation,Sanitation (toilet usage),nadaafadda (isticmaalka musqulaha),,,,,,,,,,
wash,water_needs,laundry,Doing laundry,Dhar dhaqid ,,,,,,,,,,
wash,water_needs,cleaning,Cleaning ,Nadiifinta,,,,,,,,,,
wash,water_needs,dnk,Don't know,Ma garanayo,,,,,,,,,,
,,,,,,,,,,,,,,
wash,adapt_lack_water,none,No adaptation,La qabsi la'aan,,,,,,,,,,
wash,adapt_lack_water,rely_less_prefered_drinking,Rely on less preferred (unimproved/untreated) water sources for drinking water,Ku tiirsanow ilo biyood oo aad door bidayso (aan la hagaajin/la daweyn) ee biyaha la cabbo,,,,,,,,,,
wash,adapt_lack_water,rely_surface_water,Rely on surface water for drinking water,Waxaanu cabnaa biyaha dhulka jiifa,,,,,,,,,,
wash,adapt_lack_water,rely_less_prefered_hh_chores,Rely on less preferred (unimproved/untreated) water sources for other purposes such as cooking and washing,Waxaanu isticmaalnaa biyaha aan la daawayn ama wasakhta ah si aanu wax ugu karsano dharkana ugu maydhano,,,,,,,,,,
wash,adapt_lack_water,rely_surface_water_cooking,Rely on surface water for other purposes such as cooking and washing,Biyaha dhulka jiifa ayaanu u isticmaalnaa wax karinta iyo dhar maydhka,,,,,,,,,,
wash,adapt_lack_water,fetch_far,Fetch water at a source further than the usual one,Waxaanu biyaha kasoo dhaansanaa meel ka fog sidii hore,,,,,,,,,,
wash,adapt_lack_water,send_children,Send children to fetch water,Caruurta ayaanu dirnaa si ay biyo uso dhaamiyaan,,,,,,,,,,
wash,adapt_lack_water,dangerous,Fetch water at a source that could be dangerous,Waxaanu biyaha kasoo dhaansanaa meelo halis ah,,,,,,,,,,
wash,adapt_lack_water,spend_money,Spend money (or credit) on water that should otherwise be used for other purposes,Waanu soo amaahanaa biyaha loo isticmaalayo siyaabaha kale,,,,,,,,,,
wash,adapt_lack_water,reduce_drinking,Reduce drinking water consumption (drink less),Waxaanu yaraynaa biyaha aanu cabayno,,,,,,,,,,
wash,adapt_lack_water,reduce_consumption,"Reduce water consumption for other purposes (bathe less, etc.)",Isticmaalka biyaha ee waxyaabaha kale ayaanu yaraynaa sida maydhashada,,,,,,,,,,
wash,adapt_lack_water,no_copping,No coping mechanisms commonly used,Wax hab la qabsi ah oo la isticmaalaa ma jiro,,,,,,,,,,
wash,adapt_lack_water,dnk,Do not know,Ma garanayo,,,,,,,,,,
wash,adapt_lack_water,other,Other (please list),Wax kale (fadlan sheeg),,,,,,,,,,
,,,,,,,,,,,,,,
wash,barriers_water,none,No problems,Wax dhibaato ah ma jiraan,,,,,,,,,,
wash,barriers_water,too_far,Waterpoints are too far,Meelaha biyaha laga helo wey naga fogyihiin,,,,,,,,,,
wash,barriers_water,disable_people_not_access,People with disabilities cannot reach/access waterpoints,Dadka naafada ah ma gaadhi karaan goobaha laga so dhaansado,,,,,,,,,,
wash,barriers_water,safety_concern_points,Safety concerns at main water points,Amni darro ayaa ka jirta goobaha laga soo dhaansado,,,,,,,,,,
wash,barriers_water,safety_concerns_traveling,Safety concerns traveling to main water points,Amni darro ayaaa ka jirta jidka loosii maro goobaha laga dhaansado,,,,,,,,,,
wash,barriers_water,some_groups_cnt_access,"Some groups (children, women, elderly, ethnic minorities, etc.) do not have access to the waterpoints","Kooxaha qaar (sida caruurta, dumarka, dadka waaweyn iyo dadka la haybsoocaa) ma tagi karaan goobaha laga soo dhaansado biyaha",,,,,,,,,,
wash,barriers_water,long_waiting,Insufficient number of water points / long waiting time at water points;,Naguma filna goobaha biyaha laga dhaansado oo wakhti dheer ayaa la sugaa,,,,,,,,,,
wash,barriers_water,not_functioning,Water points are not functioning or closed,Ma shaqeeyaan meelaha biyaha laga dhaansadaa,,,,,,,,,,
wash,barriers_water,not_available,Water is not available at the market,Suuqa lagama helo biyo,,,,,,,,,,
wash,barriers_water,too_expensive,Water is too expensive,Biyuhu aad bay qaali u yihiin,,,,,,,,,,
wash,barriers_water,not_enought_containers,Not enough containers to store the water ,Weel aanu biyaha ku kaydsano ma lihin,,,,,,,,,,
wash,barriers_water,bad_quaity,Don’t like taste / quality of water,Ma jecli dhadhanka iyo tayada biyaha,,,,,,,,,,
wash,barriers_water,other,Other (please list),Wax kale (fadlan sheeg),,,,,,,,,,
wash,barriers_water,dnk,Don’t know,Ma garanayo,,,,,,,,,,
,,,,,,,,,,,,,,
wash,sanitation_issues,none,No sanitation issue experienced,Arin nadaafadda ah lama soo kulmin,,,,,,,,,,
wash,sanitation_issues,no_access_latrines,No access to functioning toilet/latrine,Ma jirto galaangal musqul / musqul shaqaynaya,,,,,,,,,,
wash,sanitation_issues,open_defecation,Open defecation (traces of human faeces) around house,Saxaro furan (raadka saxarada dadka) agagaarka guriga,,,,,,,,,,
wash,sanitation_issues,no_access_bathing,No access to functioning bathing facility,Ma jirto marin loo heli karo goobta lagu maydho oo shaqaynaysa,,,,,,,,,,
wash,sanitation_issues,no_connection_sewage,No connection to sewage network,Xiriir la'aan shabakada bulaacada,,,,,,,,,,
wash,sanitation_issues,sewage_repair,Sewage system needs repair,Habka bulaacaduhu wuxuu u baahan yahay dayactir,,,,,,,,,,
wash,sanitation_issues,sewage_cleaning,Sewage system needs cleaning,Habka bulaacaduhu wuxuu u baahan yahay nadiifin,,,,,,,,,,
wash,sanitation_issues,sewage_leaks,Sewage network leaks and pollutes public areas,Shabakadda bullaacadaha ayaa daadsan oo wasakhaysa meelaha dadweynaha,,,,,,,,,,
wash,sanitation_issues,wastewater_pollutes,Other wastewater pollutes public areas,Biyaha wasakhda ah ee kale waxay wasakheeyaan meelaha dadweynaha,,,,,,,,,,
wash,sanitation_issues,issues_soak_pit,Issues with soak pit,Arrimaha godka qoyan,,,,,,,,,,
wash,sanitation_issues,stagnant_water,Stagnant water around house,Biyaha fadhiya agagaarka guriga,,,,,,,,,,
wash,sanitation_issues,no_waste_collection,No waste collection available,Ma jiraan wax qashin ururin ah,,,,,,,,,,
wash,sanitation_issues,waste_collection_expensive,Cannot afford price of paid waste collection,Ma awoodi karo qiimaha qashinka la ururiyo,,,,,,,,,,
wash,sanitation_issues,waste_collection_unfrequent,Waste collection services too infrequent,Adeegyada qashinka ururinta aad bay u yar yihiin,,,,,,,,,,
wash,sanitation_issues,waste_street,Waste (solid waste/trash) in street,Qashinka (qashinka adag) ee jidka dhexdiisa,,,,,,,,,,
wash,sanitation_issues,rodents_pest,Rodents and/or pests frequently visible in street,Jiirka iyo/ama cayayaannada inta badan lagu arko waddada,,,,,,,,,,
wash,sanitation_issues,dead_animal,Dead animals in street,Xoolo bakhtiyey oo jidka dhex yaal,,,,,,,,,,
wash,sanitation_issues,covid_limit_waste_m,COVID-19 restrictions on movement limit ability to access waste management services,Xannaanada COVID-19 ee dhaqdhaqaaqa waxay xaddidaysaa awoodda helitaanka adeegyada maaraynta qashinka,,,,,,,,,,
wash,sanitation_issues,other,Other (please list),Wax kale (fadlan sheeg),,,,,,,,,,
wash,sanitation_issues,dnk,Don’t know,Ma garanayo,,,,,,,,,,
,,,,,,,,,,,,,,
comm,communication_chanels,tv, TV ,Dhalada fiidyooga,,,,,,,,,,
comm,communication_chanels,radio,Radio,Idacad,,,,,,,,,,
comm,communication_chanels,social_media,"Social media (Facebook, twitter)",baraha bulshada,,,,,,,,,,
comm,communication_chanels,internet,Internet/Online,internet/hab online ah,,,,,,,,,,
comm,communication_chanels,sms,SMS,fariimo,,,,,,,,,,
comm,communication_chanels,phone_calls,Mobile phone calls,wicitanka telefanada,,,,,,,,,,
comm,communication_chanels,conversations,Conversations face to face,wadahadal wajika waji,,,,,,,,,,
comm,communication_chanels,posters,Posters,Waraaqo lagu dhajiyo meelaha qaar,,,,,,,,,,
comm,communication_chanels,word_mout,"Word of Mouth (from aid workers, leaders, local authorities) ",Hadal ayuu nagu soo gaadhaa,,,,,,,,,,
comm,communication_chanels,local_organizations,Local organizations,Ururada maxaliga ah,,,,,,,,,,
comm,communication_chanels,youth_workers,Youth workers,Dhalinyarta shaqaysa,,,,,,,,,,
comm,communication_chanels,religoiuis_leaders,Religious leaders,Culimada diinta,,,,,,,,,,
comm,communication_chanels,dnk,Don't know,magaranaayo,,,,,,,,,,
comm,communication_chanels,other,Other (please specify),Mid kale (fadlan sheeg),,,,,,,,,,
,,,,,,,,,,,,,,
comm,infobarriers,none,No obstacles to getting information,wax caqabada kama jiraan in lahelo xog,,,,,,,,,,
comm,infobarriers,lack_electricity,Lack of electricity,"qoronto la, aan",,,,,,,,,,
comm,infobarriers,lack_radio_sign,Lack of radio signal,La’aanta seenyaalaha raadiyaha,,,,,,,,,,
comm,infobarriers,lack_mobile,Lack of mobile networks,"isgaarsiin la, aan",,,,,,,,,,
comm,infobarriers,written_info_illiterate,Information is written and people are unable to read,xogtu waa qorantahay dadkuna ma awoodaan in ay akhriyaan,,,,,,,,,,
comm,infobarriers,no_credit,People do not have credit on their phones,dadka talefanada lacag uguma jirto,,,,,,,,,,
comm,infobarriers,dnk,Don't know,magaranaayo,,,,,,,,,,
comm,infobarriers,other,Other (please specify),wax kale (fadlan qeex),,,,,,,,,,
,,,,,,,,,,,,,,
aap,aid_received,cash,Cash,Lacag caddaan ah,,,,,,,,,,
aap,aid_received,food,Food,Cunto,,,,,,,,,,
aap,aid_received,clothing,Clothing,Dharka,,,,,,,,,,
aap,aid_received,hygiene_items,Hygiene items,Alaabta nadaafadda,,,,,,,,,,
aap,aid_received,diapers,Diapers,Xafaayadda,,,,,,,,,,
aap,aid_received,formula,Formula,caanaha dhallaanka,,,,,,,,,,
aap,aid_received,transportation,Transportation,Gaadiidka,,,,,,,,,,
aap,aid_received,health_services,Health services,Adeegyada caafimaadka,,,,,,,,,,
aap,aid_received,nutrition_services,Food and nutrition services,Adeegyada cuntada iyo nafaqeynta,,,,,,,,,,
aap,aid_received,medication,Medication,Daawooyinka,,,,,,,,,,
aap,aid_received,dnk,Don't know,magaranaayo,,,,,,,,,,
aap,aid_received,other,Other (please specify),Mid kale (fadlan sheeg),,,,,,,,,,
,,,,,,,,,,,,,,
aap,aid_barriers,none,"No, no barriers faced when trying to acces humanitarian aid","Maya, ma jiraan wax caqabado ah oo la kulmay markii la isku dayay in la helo gargaarka bini'aadantinimo",,,,,,,,,,
aap,aid_barriers,aid_stopped,Aid suddenly stopped being provided in the area,Gargaarkii deegaanka ayaa si lama filaan ah u istaagay,,,,,,,,,,
aap,aid_barriers,too_far,Aid is too far away,Gargaarka ayaa aad u fog,,,,,,,,,,
aap,aid_barriers,transport_too_expensive,Transportation to aid is too expensive,Gaadiidka gargaarku aad buu qaali u yahay,,,,,,,,,,
aap,aid_barriers,insecurity_travelling,Insecurity or danger travelling to and from aid,Amni-darro ama khatar u socdaalaysa iyo ka soo noqoshada gargaarka,,,,,,,,,,
aap,aid_barriers,insecurity_receiving,Insecurity or danger after receiving aid,Amni-darro ama khatar ka dib helitaanka gargaarka,,,,,,,,,,
aap,aid_barriers,aid_not_regular,Aid is not regular in the area,Gargaarka ma ahan mid joogto ah aagga,,,,,,,,,,
aap,aid_barriers,damage_roads,Damage to roads leading to aid  ,Burbur soo gaaray waddooyinka u horseedaya gargaarka,,,,,,,,,,
aap,aid_barriers,nobody_look_after,Nobody to look after children or elderly while receiving aid,Qofna ma daryeelo carruur ama waayeel marka uu gargaarka qaadanayo,,,,,,,,,,
aap,aid_barriers,authorities_restrict,Local or traditional authorities restrict access/travel,Maamulka deegaanka ama dhaqanka ayaa diiday in suuqa la tago,,,,,,,,,,
aap,aid_barriers,relatives_restrict,Other household members restrict access/travel,Xubnaha kale ee qoyska ayaa mamnuucay in la tago suuqa,,,,,,,,,,
aap,aid_barriers,climatic_shock,Climatic shock,shoog cimilada,,,,,,,,,,
aap,aid_barriers,other,Other (please specify),Mid kale (fadlan sheeg),,,,,,,,,,
aap,aid_barriers,dnk,Don't know,magaranaayo,,,,,,,,,,
aap,aid_barriers,prefer_not_to_say,Prefer not to answer,Doorbida inaadan ka jawaabin,,,,,,,,,,
,,,,,,,,,,,,,,
comm,access_settlement,road_safe,"Yes, there is a road that is safe and practicable","haa, wadada wayn",,,,,,,,,,
comm,access_settlement,not_practicable,"Yes, but the road is not practicable by vehicle","haa, wadada labaad",,,,,,,,,,
comm,access_settlement,not_safe,"Yes, but the road is not safe by vehicle","Haa, laakiin waddadu maaha mid ammaan ah baabuur",,,,,,,,,,
comm,access_settlement,not_safe_practicable,"Yes, but the road is nor safe, nor practicable by vehicle","Haa, laakiin wadadu ma aha amaan, mana aha mid ku shaqayn kara baabuur",,,,,,,,,,
comm,access_settlement,tax,"Yes, but there is taxes requested on the road","Haa, laakiin waxaa jira canshuur laga codsaday waddada",,,,,,,,,,
comm,access_settlement,none,None of the above,Maaha midna kuwa sare,,,,,,,,,,
comm,access_settlement,other,"Other, please specify","Wax kale, fadlan sheeg",,,,,,,,,,
comm,access_settlement,dnk,Do not know,Ma garanayo,,,,,,,,,,
,,,,,,,,,,,,,,
snowball,type_contact,in_person,In person,Qof ahaan,,,,,,,,,,
snowball,type_contact,by_phone,By phone,Taleefoon ahaan,,,,,,,,,,
,,,,,,,,,,,,,,
general,idp_list,iftin,Iftin camp,Iftin camp,,,,,,,,,,
general,idp_list,gedi,camp gedi,camp gedi,,,,,,,,,,
general,idp_list,taftatag,Taftatag,Taftatag,,,,,,,,,,
general,idp_list,badbaado 2,Badbaado 2,Badbaado 2,,,,,,,,,,
general,idp_list,yac_calol_weyn,yac calol weyn,yac calol weyn,,,,,,,,,,
general,idp_list,shimbirey,Shimbirey,Shimbirey,,,,,,,,,,
general,idp_list,amuudiyow,Amuudiyow,Amuudiyow,,,,,,,,,,
general,idp_list,buulo_fatura,Buulo Fatura,Buulo Fatura,,,,,,,,,,
general,idp_list,sato,Camp Sato,Camp Sato,,,,,,,,,,
general,idp_list,danwadag,Danwadag,Danwadag,,,,,,,,,,
general,idp_list,kaliil,Kaliil,Kaliil,,,,,,,,,,
general,idp_list,badbado_1,Badbado 1,Badbado 1,,,,,,,,,,
general,idp_list,qaboobe,Qaboobe,Qaboobe,,,,,,,,,,
general,idp_list,qansaxdheere,Qansaxdheere,Qansaxdheere,,,,,,,,,,
general,idp_list,adan_yare,Adan Yare,Adan Yare,,,,,,,,,,
general,idp_list,macaney,Macaney,Macaney,,,,,,,,,,
general,idp_list,elbet_1,Elbet-1,Elbet-1,,,,,,,,,,
general,idp_list,kuudey,Kuudey,Kuudey,,,,,,,,,,
general,idp_list,gobar_hoosele,Gobar hoosele,Gobar hoosele,,,,,,,,,,
general,idp_list,ideedwanle,Ideedwanle,Ideedwanle,,,,,,,,,,
general,idp_list,harkufeey,Harkufeey,Harkufeey,,,,,,,,,,
general,idp_list,buulifuur,BuuliFuur,BuuliFuur,,,,,,,,,,
general,idp_list,buule_sheekh,Buule sheekh,Buule sheekh,,,,,,,,,,
general,idp_list,buulaneebsan,Buulaneebsan,Buulaneebsan,,,,,,,,,,
general,idp_list,hafata_3,Hafata-3,Hafata-3,,,,,,,,,,
general,idp_list,lehelow,Lehelow,Lehelow,,,,,,,,,,
general,idp_list,mora_hagar,Mora Hagar IDP,Mora Hagar IDP,,,,,,,,,,
general,idp_list,dhurshenshibele,Dhurshenshibele,Dhurshenshibele,,,,,,,,,,
general,idp_list,bilcil,Bilcil,Bilcil,,,,,,,,,,
general,idp_list,cashura,Cashura,Cashura,,,,,,,,,,
general,idp_list,dildishe,Dildishe,Dildishe,,,,,,,,,,
general,idp_list,badhan,"Badhan (Dhanaha, Soodonka, Wadajir) ","Badhan (Dhanaha, Soodonka, Wadajir) ",,,,,,,,,,
general,idp_list,harkadheere,Harkadheere,Harkadheere,,,,,,,,,,
general,idp_list,karasharka,Karasharka,Karasharka,sanaag,,,,,,,,,
general,idp_list,galcidle,Galcidle,Galcidle,,,,,,,,,,
general,idp_list,camp_a,Camp A ,Camp A ,,,,,,,,,,
general,idp_list,camp_b,Camp B,Camp B,,,,,,,,,,
general,idp_list,gumeys,Gumeys,Gumeys,,,,,,,,,,
,,,,,,,,,,,,,,
general,region,awdal,Awdal,Awdal,awdal,,,,,,,,,
general,region,bakool,Bakool,Bakool,bakool,,,,,,,,,
general,region,banadir,Banadir,Banadir,banadir,,,,,,,,,
general,region,bari,Bari,Bari,bari,,,,,,,,,
general,region,bay,Bay,Bay,bay,,,,,,,,,
general,region,galgaduud,Galgaduud,Galgaduud,galgaduud,,,,,,,,,
general,region,gedo,Gedo,Gedo,gedo,,,,,,,,,
general,region,hiraan,Hiraan,Hiraan,hiraan,,,,,,,,,
general,region,lower_juba,Lower Juba,Jubadda Hoose,lower_juba,,,,,,,,,
general,region,lower_shabelle,Lower Shabelle,Shabellada Hoose,lower_shabelle,,,,,,,,,
general,region,middle_juba,Middle Juba,Jubadda Dhexe,middle_juba,,,,,,,,,
general,region,middle_shabelle,Middle Shabelle,Shabellada Dhexe,middle_shabelle,,,,,,,,,
general,region,mudug,Mudug,Mudug,mudug,,,,,,,,,
general,region,nugaal,Nugaal,Nugaal,nugaal,,,,,,,,,
general,region,sanaag,Sanaag,Sanaag,sanaag,,,,,,,,,
general,region,sool,Sool,Sool,sool,,,,,,,,,
general,region,togdheer,Togdheer,Togdheer,togdheer,,,,,,,,,
general,region,woqooyi_galbeed,Maroodi jeex,Maroodi jeex,woqooyi_galbeed,,,,,,,,,
general,region,other,Other,Shaqo ama kaalin kale haayo,other,,,,,,,,,
,,,,,,,,,,,,,,
general,district,other,Other,Mid kale (fadlan sheeg),other,other,,,,,,,,
general,district,adan_yabaal,Aden Yabaal,Aden Yabaal,adan_yabaal,middle_shabelle,,,,,,,,
general,district,afgooye,Afgooye,Afgooye,afgooye,lower_shabelle,,,,,,,,
general,district,afmadow,Afmadow,Afmadow,afmadow,lower_juba,,,,,,,,
general,district,baardheere,Baardheere,Baardheere,baardheere,gedo,,,,,,,,
general,district,badhaadhe,Badhaadhe,Badhaadhe,badhaadhe,lower_juba,,,,,,,,
general,district,baidoa,Baidoa,Baidoa,baidoa,bay,,,,,,,,
general,district,baki,Baki,Baki,baki,awdal,,,,,,,,
general,district,balcad,Balcad,Balcad,balcad,middle_shabelle,,,,,,,,
general,district,bandarbayla,Bandarbayla,Bandarbayla,bandarbayla,bari,,,,,,,,
general,district,baraawe,Baraawe,Baraawe,baraawe,lower_shabelle,,,,,,,,
general,district,belet_weyne,Belet Weyne,Belet Weyne,belet_weyne,hiraan,,,,,,,,
general,district,belet_xaawo,Belet Xaawo,Belet Xaawo,belet_xaawo,gedo,,,,,,,,
general,district,berbera,Berbera,Berbera,berbera,woqooyi_galbeed,,,,,,,,
general,district,boondheere,Boondheere,Mogadishu_Boondheere,boondheere,banadir,,,,,,,,
general,district,borama,Borama,Borama,borama,awdal,,,,,,,,
general,district,bossaso,Bossaso,Bossaso,bossaso,bari,,,,,,,,
general,district,bu'aale,Buaale,Buaale,bu'aale,middle_juba,,,,,,,,
general,district,bulo_burto,Bulo Burto,Bulo Burto,bulo_burto,hiraan,,,,,,,,
general,district,burco,Burco,Burco,burco,togdheer,,,,,,,,
general,district,burtinle,Burtinle,Burtinle,burtinle,nugaal,,,,,,,,
general,district,buuhoodle,Buuhoodle,Buuhoodle,buuhoodle,togdheer,,,,,,,,
general,district,buur_hakaba,Buur Hakaba,Buur Hakaba,buur_hakaba,bay,,,,,,,,
general,district,cabdlcasiis,Cabdulcasiis,Mogadishu_Cabdulcasiis,cabdlcasiis,banadir,,,,,,,,
general,district,cabudwaaq,Cabudwaaq,Cabudwaaq,cabudwaaq,galgaduud,,,,,,,,
general,district,cadaado,Cadaado,Cadaado,cadaado,galgaduud,,,,,,,,
general,district,cadale,Cadale,Cadale,cadale,middle_shabelle,,,,,,,,
general,district,caluula,Caluula,Caluula,caluula,bari,,,,,,,,
general,district,caynabo,Caynabo,Caynabo,caynabo,sool,,,,,,,,
general,district,ceel_afweyn,Ceel Afweyn,Ceel Afweyn,ceel_afweyn,sanaag,,,,,,,,
general,district,ceel_barde,Ceel Barde,Ceel Barde,ceel_barde,bakool,,,,,,,,
general,district,ceel_buur,Ceel Buur,Ceel Buur,ceel_buur,galgaduud,,,,,,,,
general,district,ceel_dheer,Ceel Dheer,Ceel Dheer,ceel_dheer,galgaduud,,,,,,,,
general,district,ceel_waaq,Ceel Waaq,Ceel Waaq,ceel_waaq,gedo,,,,,,,,
general,district,ceerigaabo,Ceerigaabo,Ceerigaabo,ceerigaabo,sanaag,,,,,,,,
general,district,daynile,Daynile,Mogadishu_Daynile,daynile,banadir,,,,,,,,
general,district,dharkenley,Dharkenley,Mogadishu_Dharkenley,dharkenley,banadir,,,,,,,,
general,district,dhuusamarreeb,Dhuusamarreeb,Dhuusamarreeb,dhuusamarreeb,galgaduud,,,,,,,,
general,district,diinsoor,Diinsoor,Diinsoor,diinsoor,bay,,,,,,,,
general,district,doolow,Doolow,Doolow,doolow,gedo,,,,,,,,
general,district,eyl,Eyl,Eyl,eyl,nugaal,,,,,,,,
general,district,gaalkacyo,Gaalkacyo,Gaalkacyo,gaalkacyo,mudug,,,,,,,,
general,district,galdogob,Galdogob,Galdogob,galdogob,mudug,,,,,,,,
general,district,garbahaarey,Garbahaarey,Garbahaarey,garbahaarey,gedo,,,,,,,,
general,district,garowe,Garowe,Garowe,garowe,nugaal,,,,,,,,
general,district,gebiley,Gebiley,Gebiley,gebiley,woqooyi_galbeed,,,,,,,,
general,district,hargeysa,Hargeysa,Hargeysa,hargeysa,woqooyi_galbeed,,,,,,,,
general,district,hawl_wadaag,Hawl Wadaag,Mogadishu_Hawl Wadaag,hawl_wadaag,banadir,,,,,,,,
general,district,heliwa,Heliwa,Mogadishu_Heliwa,heliwa,banadir,,,,,,,,
general,district,hobyo,Hobyo,Hobyo,hobyo,mudug,,,,,,,,
general,district,hodan,Hodan,Mogadishu_Hodan,hodan,banadir,,,,,,,,
general,district,iskushuban,Iskushuban,Iskushuban,iskushuban,bari,,,,,,,,
general,district,jalalaqsi,Jalalaqsi,Jalalaqsi,jalalaqsi,hiraan,,,,,,,,
general,district,jamaame,Jamaame,Jamaame,jamaame,lower_juba,,,,,,,,
general,district,jariiban,Jariiban,Jariiban,jariiban,mudug,,,,,,,,
general,district,jilib,Jilib,Jilib,jilib,middle_juba,,,,,,,,
general,district,jowhar,Jowhar,Jowhar,jowhar,middle_shabelle,,,,,,,,
general,district,kahda,Kahda,Mogadishu_Kahda,kahda,banadir,,,,,,,,
general,district,karaan,Karaan,Mogadishu_Karaan,karaan,banadir,,,,,,,,
general,district,kismayo,Kismayo,Kismayo,kismayo,lower_juba,,,,,,,,
general,district,kurtunwaarey,Kurtunwaarey,Kurtunwaarey,kurtunwaarey,lower_shabelle,,,,,,,,
general,district,laas_caanood,Laas Caanood,Laas Caanood,laas_caanood,sool,,,,,,,,
general,district,laasqoray,Laasqoray,Laasqoray,laasqoray,sanaag,,,,,,,,
general,district,lughaye,Lughaye,Lughaye,lughaye,awdal,,,,,,,,
general,district,luuq,Luuq,Luuq,luuq,gedo,,,,,,,,
general,district,marka,Marka,Marka,marka,lower_shabelle,,,,,,,,
general,district,mogadishu,Mogadishu,Mogadishu,mogadishu,banadir,,,,,,,,
general,district,owdweyne,Owdweyne,Owdweyne,owdweyne,togdheer,,,,,,,,
general,district,qandala,Qandala,Qandala,qandala,bari,,,,,,,,
general,district,qansax_dheere,Qansax Dheere,Qansax Dheere,qansax_dheere,bay,,,,,,,,
general,district,qardho,Qardho,Qardho,qardho,bari,,,,,,,,
general,district,qoryooley,Qoryooley,Qoryooley,qoryooley,lower_shabelle,,,,,,,,
general,district,rab_dhuure,Rab Dhuure,Rab Dhuure,rab_dhuure,bakool,,,,,,,,
general,district,saakow,Sakow,Sakow,saakow,middle_juba,,,,,,,,
general,district,sablaale,Sablaale,Sablaale,sablaale,lower_shabelle,,,,,,,,
general,district,shangaani,Shangaani,Mogadishu_Shangaani,shangaani,banadir,,,,,,,,
general,district,sheikh,Sheikh,Sheikh,sheikh,togdheer,,,,,,,,
general,district,shibis,Shibis,Mogadishu_Shibis,shibis,banadir,,,,,,,,
general,district,taleex,Taleex,Taleex,taleex,sool,,,,,,,,
general,district,tayeeglow,Tayeeglow,Tayeeglow,tayeeglow,bakool,,,,,,,,
general,district,waaberi,Waaberi,Mogadishu_Waaberi,waaberi,banadir,,,,,,,,
general,district,waajid,Waajid,Waajid,waajid,bakool,,,,,,,,
general,district,wadajir,Wadajir,Mogadishu_Wadajir,wadajir,banadir,,,,,,,,
general,district,wanla_weyn,Wanla Weyn,Wanla Weyn,wanla_weyn,lower_shabelle,,,,,,,,
general,district,wardhiigleey,Wardhiigleey,Mogadishu_Wardhiigleey,wardhiigleey,banadir,,,,,,,,
general,district,xamar_jabjab,Xamar Jabjab,Mogadishu_Xamar Jabjab,xamar_jabjab,banadir,,,,,,,,
general,district,xamar_weyne,Xamar Weyne,Mogadishu_Xamar Weyne,xamar_weyne,banadir,,,,,,,,
general,district,xarardheere,Xarardheere,Xarardheere,xarardheere,mudug,,,,,,,,
general,district,xudun,Xudun,Xudun,xudun,sool,,,,,,,,
general,district,xudur,Xudur,Xudur,xudur,bakool,,,,,,,,
general,district,yaaqshiid,Yaaqshiid,Mogadishu_Yaaqshiid,yaaqshiid,banadir,,,,,,,,
general,district,zeylac,Zeylac,Zeylac,zeylac,awdal,,,,,,,,
,,,,,,,,,,,,,,
general,settlement,settlement_key,label::English (en),label::Somali (so),,,,,,,,,,
general,uuid,uuid_key,name,name,,,,,,,,,,
,,,,,,,,,,,,,,
displ,clan_list,aweri_boni,1. Awer -Boni; ,1. Awer -Boni,,,,,,,,,,
displ,clan_list,bantui_clans,2. Bantu (and variants sub-clans e.g. Makane); ,2. Bantu (iyo noocyo kala duwan oo qabiilo ah sida Makane);,,,,,,,,,,
displ,clan_list,bajunii_bajuni,3. Bajuni; ,3. Bajuun ,,,,,,,,,,
displ,clan_list,banadirii_banadiri,4. Banadiri; ,4. Banadiri; ,,,,,,,,,,
displ,clan_list,darodi_darod,5. Darod,5. Daarod,,,,,,,,,,
displ,clan_list,digili_digil,6. Digil,6. Digil,,,,,,,,,,
displ,clan_list,diri_dir,7. Dir,7. Dir,,,,,,,,,,
displ,clan_list,eylei_eyle,8. Eyle; ,8. Eyle;,,,,,,,,,,
displ,clan_list,gabooyei_gabooye,9. Gabooye,9. Gabooye,,,,,,,,,,
displ,clan_list,hawiyei_hawiye,10. Hawiye,10. Hawiye,,,,,,,,,,
displ,clan_list,isaaqi_isaaq,11. Isaaq,11. Isaaq,,,,,,,,,,
displ,clan_list,madhibani_madhiban,12. Madhiban;,12. Madhiban;,,,,,,,,,,
displ,clan_list,midgani_midgan,13. Midgan,13. Midgan,,,,,,,,,,
displ,clan_list,miriflei_mirifle,14. Mirifle,14. Mirifle,,,,,,,,,,
displ,clan_list,rahanweyni_rahanweyn,15. Rahanweyn,15. Rahanweyn,,,,,,,,,,
displ,clan_list,reeri_bravanese,16. Reer Brava/Bravanese,16. Reer baraawe,,,,,,,,,,
displ,clan_list,tumaali_tumaal,17. Tumaal; ,17. Tumaal; ,,,,,,,,,,
displ,clan_list,yibiri_yibir,18. Yibir; ,18. Yibir;,,,,,,,,,,
displ,clan_list,asharafi_asharaf,19. Asharaf,19. Asharaf,,,,,,,,,,
displ,common_language,standard_northern_somali,Standard / Northern Somali,Standard / Northern Somali,,,,,,,,,,
displ,common_language,benaadir_somali,Benaadir Somali,Benaadir Somali,,,,,,,,,,
displ,common_language,maay_somali,Maay Somali,Maay Somali,,,,,,,,,,
displ,common_language,arabic,Arabic,Arabic,,,,,,,,,,
displ,common_language,english,English,English,,,,,,,,,,
displ,common_language,italian,Italian,Italian,,,,,,,,,,
displ,common_language,bravanese_chimwiini_chimbalazi,Bravanese (Chimwiini/ Chimbalazi),Bravanese (Chimwiini/ Chimbalazi),,,,,,,,,,
displ,common_language,kibajuni,Kibajuni,Kibajuni,,,,,,,,,,
displ,common_language,mushunguli,Mushunguli,Mushunguli,,,,,,,,,,
displ,common_language,somali_sign_language,Somali Sign Language,Somali Sign Language,,,,,,,,,,
displ,common_language,none,None,Midna,,,,,,,,,,
displ,common_language,don_know,Don't know,Ma ogi,,,,,,,,,,
displ,common_language,prefer_not_to_answer,Prefer not to answer,Waxaan doorbidayaa inaanan kajawaabin,,,,,,,,,,
displ,common_language,other,Other (please specify),Mid kale (fadlan sheeg),,,,,,,,,,
,,,,,,,,,,,,,,
comm,proportion_lang,all__100,All (100%),All (100%),,,,,,,,,,
comm,proportion_lang,90,90%,90%,,,,,,,,,,
comm,proportion_lang,80,80%,80%,,,,,,,,,,
comm,proportion_lang,70,70%,70%,,,,,,,,,,
comm,proportion_lang,60,60%,60%,,,,,,,,,,
comm,proportion_lang,50,50%,50%,,,,,,,,,,
comm,proportion_lang,40,40%,40%,,,,,,,,,,
comm,proportion_lang,30,30%,30%,,,,,,,,,,
comm,proportion_lang,20,20%,20%,,,,,,,,,,
comm,proportion_lang,10,10%,10%,,,,,,,,,,
comm,proportion_lang,less_than_10,Less than 10%,Ka yar 10%,,,,,,,,,,
comm,infobarriers,dontunderstand_language,Information is in a language people don't fully understand,warku waxa uu ku qoranyahay luuqad aanay dadku fahmin,,,,,,,,,,
comm,infobarriers,dont_trust_source,Information is from a source people aren't sure they can trust,xogtu waxay katimid meel dadku aanay hubin inay aamini karaan,,,,,,,,,,
,,,,,,,,,,,,,,
general,list_y_n_dk,yes,Yes,haa,,,,,,,,,,
general,list_y_n_dk,no,No,maya,,,,,,,,,,
general,list_y_n_dk,dontknow,I Do not know,ma garanaayo,,,,,,,,,,
,,,,,,,,,,,,,,
disp,stayed_behind,mostly_entire_households_stayed,Mostly entire households stayed (cannot be picked with other options),Inta badan qoysaska oo dhan ayaa joogay (lama soo xuli karo doorashooyin kale),,,,,,,,,,
disp,stayed_behind,mostly_boys_under_18,Mostly Boys (under 18),Inta badan wiilasha (kayar 18),,,,,,,,,,
disp,stayed_behind,mostly_girls_under_18,Mostly Girls (under 18),Inta badan gabdhaha (kayar 18),,,,,,,,,,
disp,stayed_behind,mostly_adult_women_18_59,Mostly Adult women (18 - 59),Inta badan dumarka qaangaarka ah (18 - 59),,,,,,,,,,
disp,stayed_behind,mostly_adult_men_18_59,Mostly Adult men (18-59),Inta badan ragga waaweyn (18-59),,,,,,,,,,
disp,stayed_behind,mostly_elderly_women_60,Mostly Elderly women (60+),Inta badan dumarka da'da ah (60+),,,,,,,,,,
disp,stayed_behind,mostly_elderly_men_60,Mostly Elderly men (60+),Inta badan ragga da'da ah (60+),,,,,,,,,,
disp,stayed_behind,all_people_have_left_the_settlement,All people have left the settlement,Dadkii oo dhan way ka baxeen deegaanka,,,,,,,,,,
disp,stayed_behind,i_don't_know,I Don't know,Magaranaayo,,,,,,,,,,
